mean_fit_time,std_fit_time,mean_score_time,std_score_time,param_subsample,param_reg_lambda,param_reg_alpha,param_n_estimators,param_min_child_weight,param_max_depth,param_learning_rate,param_gamma,param_colsample_bytree,params,split0_test_score,split1_test_score,split2_test_score,split3_test_score,split4_test_score,mean_test_score,std_test_score,rank_test_score,split0_train_score,split1_train_score,split2_train_score,split3_train_score,split4_train_score,mean_train_score,std_train_score
0.05209226608276367,0.011064682706316213,0.09195137023925781,0.022111840364448042,0.8,1.0,0.0,100,4,4,0.025,0.0,0.9,"{'subsample': 0.8, 'reg_lambda': 1, 'reg_alpha': 0, 'n_estimators': 100, 'min_child_weight': 4, 'max_depth': 4, 'learning_rate': 0.025, 'gamma': 0, 'colsample_bytree': 0.9}",0.8157894736842105,0.8026315789473685,0.8145695364238411,0.8278145695364238,0.8211920529801324,0.8163994423143952,0.008325249851862082,104,0.8760330578512396,0.8677685950413223,0.8613861386138614,0.8646864686468647,0.863036303630363,0.8665821127567301,0.005174794288401058
0.028023529052734374,0.006111395549981677,0.09306282997131347,0.02626433031947799,0.9,1.0,0.1,100,6,3,0.025,0.0,0.8,"{'subsample': 0.9, 'reg_lambda': 1, 'reg_alpha': 0.1, 'n_estimators': 100, 'min_child_weight': 6, 'max_depth': 3, 'learning_rate': 0.025, 'gamma': 0, 'colsample_bytree': 0.8}",0.8289473684210527,0.7894736842105263,0.8278145695364238,0.7947019867549668,0.8410596026490066,0.8163994423143952,0.020453142125470135,104,0.8512396694214877,0.8628099173553719,0.8366336633663366,0.8382838283828383,0.8432343234323433,0.8464402803916755,0.009633013612176819
0.04583930969238281,0.021096855121922293,0.08516087532043456,0.016482929424547255,0.6,2.0,0.1,150,5,3,0.05,0.0,0.6,"{'subsample': 0.6, 'reg_lambda': 2, 'reg_alpha': 0.1, 'n_estimators': 150, 'min_child_weight': 5, 'max_depth': 3, 'learning_rate': 0.05, 'gamma': 0, 'colsample_bytree': 0.6}",0.8421052631578947,0.7828947368421053,0.8410596026490066,0.8079470198675497,0.8410596026490066,0.8230132450331127,0.023884442814057178,41,0.8578512396694215,0.8611570247933884,0.8498349834983498,0.863036303630363,0.8514851485148515,0.8566729400212749,0.0052088123953416
0.03085298538208008,0.008873479213952356,0.034030818939208986,0.02481774432046825,0.8,1.0,0.1,150,5,3,0.075,0.25,0.6,"{'subsample': 0.8, 'reg_lambda': 1, 'reg_alpha': 0.1, 'n_estimators': 150, 'min_child_weight': 5, 'max_depth': 3, 'learning_rate': 0.075, 'gamma': 0.25, 'colsample_bytree': 0.6}",0.8421052631578947,0.7960526315789473,0.847682119205298,0.8211920529801324,0.8410596026490066,0.8296183339142559,0.01903042277449771,3,0.8760330578512396,0.8809917355371901,0.8729372937293729,0.8745874587458746,0.8696369636963697,0.8748373019120095,0.0037422681831144186
0.031869697570800784,0.005027884671900803,0.008748292922973633,0.009803293311321482,0.8,1.5,0.1,150,6,4,0.025,0.5,0.9,"{'subsample': 0.8, 'reg_lambda': 1.5, 'reg_alpha': 0.1, 'n_estimators': 150, 'min_child_weight': 6, 'max_depth': 4, 'learning_rate': 0.025, 'gamma': 0.5, 'colsample_bytree': 0.9}",0.8355263157894737,0.7894736842105263,0.8211920529801324,0.7947019867549668,0.8410596026490066,0.816390728476821,0.02094137321772544,107,0.8611570247933884,0.859504132231405,0.8465346534653465,0.858085808580858,0.8514851485148515,0.8553533535171699,0.005497460421613182
0.02934865951538086,0.00690813933798423,0.003911399841308593,0.00020627203868274165,0.9,2.0,0.0,150,5,3,0.025,0.5,0.8,"{'subsample': 0.9, 'reg_lambda': 2, 'reg_alpha': 0, 'n_estimators': 150, 'min_child_weight': 5, 'max_depth': 3, 'learning_rate': 0.025, 'gamma': 0.5, 'colsample_bytree': 0.8}",0.8289473684210527,0.7960526315789473,0.8278145695364238,0.8013245033112583,0.8278145695364238,0.816390728476821,0.014555458233706995,107,0.8628099173553719,0.8611570247933884,0.8481848184818482,0.8646864686468647,0.8531353135313532,0.8579947085617652,0.006289893419653348
0.0545802116394043,0.04938184686926596,0.008476543426513671,0.005535319720164404,0.6,1.0,0.01,150,6,3,0.025,0.25,0.7,"{'subsample': 0.6, 'reg_lambda': 1, 'reg_alpha': 0.01, 'n_estimators': 150, 'min_child_weight': 6, 'max_depth': 3, 'learning_rate': 0.025, 'gamma': 0.25, 'colsample_bytree': 0.7}",0.8421052631578947,0.7960526315789473,0.8344370860927153,0.7947019867549668,0.8344370860927153,0.8203468107354478,0.02058332387630878,72,0.8545454545454545,0.8495867768595041,0.8316831683168316,0.8498349834983498,0.8399339933993399,0.845116875323896,0.008227580684704642
0.03838105201721191,0.027218680673381578,0.010549592971801757,0.012931751466580136,0.6,1.5,0.01,125,6,3,0.075,0.1,0.7,"{'subsample': 0.6, 'reg_lambda': 1.5, 'reg_alpha': 0.01, 'n_estimators': 125, 'min_child_weight': 6, 'max_depth': 3, 'learning_rate': 0.075, 'gamma': 0.1, 'colsample_bytree': 0.7}",0.8223684210526315,0.7828947368421053,0.8410596026490066,0.8013245033112583,0.8344370860927153,0.8164168699895434,0.021535674422194038,100,0.8578512396694215,0.8644628099173554,0.8531353135313532,0.8547854785478548,0.8498349834983498,0.8560139650328669,0.004954476446350323
0.024345827102661134,0.0016954874661784544,0.003848743438720703,0.00015696812936539747,0.8,1.0,0.01,150,4,3,0.05,0.5,0.8,"{'subsample': 0.8, 'reg_lambda': 1, 'reg_alpha': 0.01, 'n_estimators': 150, 'min_child_weight': 4, 'max_depth': 3, 'learning_rate': 0.05, 'gamma': 0.5, 'colsample_bytree': 0.8}",0.8355263157894737,0.8092105263157895,0.8278145695364238,0.8145695364238411,0.8344370860927153,0.8243116068316487,0.010616179572362156,38,0.8743801652892562,0.8760330578512396,0.8712871287128713,0.8844884488448845,0.8696369636963697,0.8751651528789243,0.0051748093548728575
0.01923990249633789,0.0008189319688815636,0.003786182403564453,0.00011158260521490925,0.7,1.0,0.0,100,5,4,0.025,0.5,0.6,"{'subsample': 0.7, 'reg_lambda': 1, 'reg_alpha': 0, 'n_estimators': 100, 'min_child_weight': 5, 'max_depth': 4, 'learning_rate': 0.025, 'gamma': 0.5, 'colsample_bytree': 0.6}",0.8355263157894737,0.8092105263157895,0.8278145695364238,0.8013245033112583,0.8211920529801324,0.8190135935866156,0.012360233818444945,89,0.8528925619834711,0.859504132231405,0.8432343234323433,0.8514851485148515,0.8465346534653465,0.8507301639254834,0.00558602577230728
0.019737386703491212,0.001925612232192147,0.004052925109863281,0.0006734492478375324,0.8,1.0,0.0,100,4,3,0.075,0.0,0.8,"{'subsample': 0.8, 'reg_lambda': 1, 'reg_alpha': 0, 'n_estimators': 100, 'min_child_weight': 4, 'max_depth': 3, 'learning_rate': 0.075, 'gamma': 0, 'colsample_bytree': 0.8}",0.8355263157894737,0.8092105263157895,0.8344370860927153,0.8145695364238411,0.8344370860927153,0.8256361101429069,0.01135781124170296,27,0.8776859504132232,0.8727272727272727,0.8712871287128713,0.8844884488448845,0.8679867986798679,0.8748351198756239,0.00574882177554494
0.025342559814453124,0.0007814369260924658,0.004023981094360351,0.00043220714141901326,0.8,1.5,0.1,150,4,3,0.05,0.5,0.9,"{'subsample': 0.8, 'reg_lambda': 1.5, 'reg_alpha': 0.1, 'n_estimators': 150, 'min_child_weight': 4, 'max_depth': 3, 'learning_rate': 0.05, 'gamma': 0.5, 'colsample_bytree': 0.9}",0.8486842105263158,0.8026315789473685,0.8211920529801324,0.8145695364238411,0.8410596026490066,0.8256273963053328,0.016973660926191535,29,0.8710743801652893,0.8760330578512396,0.8729372937293729,0.8778877887788779,0.8696369636963697,0.87351389684423,0.003059131453438591
0.025931406021118163,0.0016632602048041495,0.003812885284423828,0.0004167619667625994,0.8,2.0,0.1,150,5,4,0.025,0.25,0.6,"{'subsample': 0.8, 'reg_lambda': 2, 'reg_alpha': 0.1, 'n_estimators': 150, 'min_child_weight': 5, 'max_depth': 4, 'learning_rate': 0.025, 'gamma': 0.25, 'colsample_bytree': 0.6}",0.8289473684210527,0.8026315789473685,0.8344370860927153,0.8145695364238411,0.8410596026490066,0.8243290345067968,0.013924374355444935,34,0.856198347107438,0.8611570247933884,0.8613861386138614,0.858085808580858,0.858085808580858,0.8589826255352808,0.0019932714273674635
0.022925949096679686,0.001390089621262025,0.00391535758972168,0.00035865161596606454,0.8,1.0,0.0,125,6,4,0.025,0.5,0.8,"{'subsample': 0.8, 'reg_lambda': 1, 'reg_alpha': 0, 'n_estimators': 125, 'min_child_weight': 6, 'max_depth': 4, 'learning_rate': 0.025, 'gamma': 0.5, 'colsample_bytree': 0.8}",0.8289473684210527,0.7828947368421053,0.8278145695364238,0.7947019867549668,0.847682119205298,0.8164081561519694,0.023915291925532895,101,0.8611570247933884,0.8661157024793389,0.8448844884488449,0.8564356435643564,0.8481848184818482,0.8553555355535553,0.007895151851321903
0.01928424835205078,0.000887209052060842,0.003603410720825195,0.0001514179408783455,0.9,2.0,0.01,125,5,3,0.05,0.5,0.7,"{'subsample': 0.9, 'reg_lambda': 2, 'reg_alpha': 0.01, 'n_estimators': 125, 'min_child_weight': 5, 'max_depth': 3, 'learning_rate': 0.05, 'gamma': 0.5, 'colsample_bytree': 0.7}",0.8289473684210527,0.7960526315789473,0.8278145695364238,0.8145695364238411,0.8344370860927153,0.820364238410596,0.013797502631976393,69,0.8677685950413223,0.8677685950413223,0.8696369636963697,0.8729372937293729,0.8597359735973598,0.8675694842211493,0.004348126705317514
0.02066779136657715,0.0010196234609773818,0.0036980628967285155,0.000266563120149905,0.6,1.0,0.01,125,5,3,0.05,0.25,0.9,"{'subsample': 0.6, 'reg_lambda': 1, 'reg_alpha': 0.01, 'n_estimators': 125, 'min_child_weight': 5, 'max_depth': 3, 'learning_rate': 0.05, 'gamma': 0.25, 'colsample_bytree': 0.9}",0.8289473684210527,0.7960526315789473,0.8410596026490066,0.7947019867549668,0.8344370860927153,0.8190397350993377,0.019702015659758532,80,0.856198347107438,0.8578512396694215,0.8531353135313532,0.8564356435643564,0.8564356435643564,0.8560112374873852,0.0015525332638648027
0.018581533432006837,0.0008581664526814058,0.0037799835205078124,0.0005637752134610552,0.9,2.0,0.01,100,4,4,0.075,0.1,0.7,"{'subsample': 0.9, 'reg_lambda': 2, 'reg_alpha': 0.01, 'n_estimators': 100, 'min_child_weight': 4, 'max_depth': 4, 'learning_rate': 0.075, 'gamma': 0.1, 'colsample_bytree': 0.7}",0.8355263157894737,0.8026315789473685,0.8211920529801324,0.8013245033112583,0.8344370860927153,0.8190223074241896,0.014809279116277732,87,0.8876033057851239,0.8826446280991735,0.8795379537953796,0.8877887788778878,0.8696369636963697,0.8814423260507869,0.006673438079361184
0.019609689712524414,0.0014513511078360875,0.0032340526580810548,0.00018943040144028738,0.9,1.0,0.1,125,6,3,0.025,0.25,0.9,"{'subsample': 0.9, 'reg_lambda': 1, 'reg_alpha': 0.1, 'n_estimators': 125, 'min_child_weight': 6, 'max_depth': 3, 'learning_rate': 0.025, 'gamma': 0.25, 'colsample_bytree': 0.9}",0.8289473684210527,0.7763157894736842,0.8145695364238411,0.8013245033112583,0.8410596026490066,0.8124433600557686,0.02247052553765932,119,0.8578512396694215,0.8578512396694215,0.8432343234323433,0.8514851485148515,0.8498349834983498,0.8520513869568773,0.005481792816848883
0.02311539649963379,0.0015772975970098416,0.004421234130859375,0.0006459626410327926,0.9,1.0,0.0,125,5,4,0.025,0.0,0.8,"{'subsample': 0.9, 'reg_lambda': 1, 'reg_alpha': 0, 'n_estimators': 125, 'min_child_weight': 5, 'max_depth': 4, 'learning_rate': 0.025, 'gamma': 0, 'colsample_bytree': 0.8}",0.8289473684210527,0.7894736842105263,0.8278145695364238,0.8145695364238411,0.8278145695364238,0.8177239456256536,0.015083992631243279,92,0.8743801652892562,0.8661157024793389,0.8646864686468647,0.8663366336633663,0.858085808580858,0.8659209557319368,0.005190037187057774
0.018955230712890625,0.0011154278623101697,0.0033950328826904295,0.0002505635394422323,0.8,1.5,0.0,100,6,4,0.025,0.0,0.7,"{'subsample': 0.8, 'reg_lambda': 1.5, 'reg_alpha': 0, 'n_estimators': 100, 'min_child_weight': 6, 'max_depth': 4, 'learning_rate': 0.025, 'gamma': 0, 'colsample_bytree': 0.7}",0.8355263157894737,0.8026315789473685,0.8344370860927153,0.8013245033112583,0.8211920529801324,0.8190223074241896,0.014809279116277732,87,0.8512396694214877,0.8611570247933884,0.8399339933993399,0.8465346534653465,0.8448844884488449,0.8487499659056814,0.007179200933945639
0.0185793399810791,0.0009233444565855921,0.0032148838043212892,7.776063533422098e-05,0.7,1.5,0.1,125,4,4,0.075,0.0,0.6,"{'subsample': 0.7, 'reg_lambda': 1.5, 'reg_alpha': 0.1, 'n_estimators': 125, 'min_child_weight': 4, 'max_depth': 4, 'learning_rate': 0.075, 'gamma': 0, 'colsample_bytree': 0.6}",0.8355263157894737,0.7894736842105263,0.8410596026490066,0.8013245033112583,0.847682119205298,0.8230132450331127,0.023178028274755465,41,0.8892561983471075,0.8793388429752066,0.8795379537953796,0.8828382838283828,0.8729372937293729,0.8807817145350898,0.005314322346854648
0.015250110626220703,0.0008267288128007632,0.003278303146362305,0.0001577217308425172,0.7,1.0,0.01,100,5,3,0.05,0.0,0.6,"{'subsample': 0.7, 'reg_lambda': 1, 'reg_alpha': 0.01, 'n_estimators': 100, 'min_child_weight': 5, 'max_depth': 3, 'learning_rate': 0.05, 'gamma': 0, 'colsample_bytree': 0.6}",0.8486842105263158,0.8026315789473685,0.8410596026490066,0.8079470198675497,0.8278145695364238,0.8256273963053328,0.01797752334633456,29,0.8628099173553719,0.8628099173553719,0.8531353135313532,0.8696369636963697,0.8481848184818482,0.859315386084063,0.007655603097384457
0.023115205764770507,0.0007460737842637979,0.0036542415618896484,9.873166400013068e-05,0.9,1.0,0.0,150,4,4,0.075,0.1,0.9,"{'subsample': 0.9, 'reg_lambda': 1, 'reg_alpha': 0, 'n_estimators': 150, 'min_child_weight': 4, 'max_depth': 4, 'learning_rate': 0.075, 'gamma': 0.1, 'colsample_bytree': 0.9}",0.8157894736842105,0.7960526315789473,0.8145695364238411,0.8145695364238411,0.8609271523178808,0.8203816660857441,0.021561485604194984,61,0.8975206611570248,0.8975206611570248,0.8943894389438944,0.8960396039603961,0.8927392739273927,0.8956419278291465,0.001855346448562812
0.020032930374145507,0.0011557580712742688,0.003580808639526367,8.770395218085617e-05,0.9,1.5,0.01,125,4,4,0.05,0.5,0.9,"{'subsample': 0.9, 'reg_lambda': 1.5, 'reg_alpha': 0.01, 'n_estimators': 125, 'min_child_weight': 4, 'max_depth': 4, 'learning_rate': 0.05, 'gamma': 0.5, 'colsample_bytree': 0.9}",0.8157894736842105,0.8092105263157895,0.8278145695364238,0.8079470198675497,0.8344370860927153,0.8190397350993377,0.010433618862142953,80,0.8876033057851239,0.8842975206611571,0.8877887788778878,0.8877887788778878,0.8679867986798679,0.8830930365763849,0.007669311900766335
0.021050119400024415,0.000924993315673622,0.0036893844604492187,0.00034195836144775634,0.7,1.5,0.0,100,4,3,0.025,0.0,0.9,"{'subsample': 0.7, 'reg_lambda': 1.5, 'reg_alpha': 0, 'n_estimators': 100, 'min_child_weight': 4, 'max_depth': 3, 'learning_rate': 0.025, 'gamma': 0, 'colsample_bytree': 0.9}",0.8157894736842105,0.7894736842105263,0.8278145695364238,0.7947019867549668,0.8410596026490066,0.8137678633670268,0.01949333571964489,117,0.8611570247933884,0.8611570247933884,0.8366336633663366,0.8547854785478548,0.8498349834983498,0.8527136349998635,0.009096442384804632
0.021529626846313477,0.000851381968662628,0.004065847396850586,0.0007180092042062488,0.7,2.0,0.01,125,5,4,0.025,0.1,0.6,"{'subsample': 0.7, 'reg_lambda': 2, 'reg_alpha': 0.01, 'n_estimators': 125, 'min_child_weight': 5, 'max_depth': 4, 'learning_rate': 0.025, 'gamma': 0.1, 'colsample_bytree': 0.6}",0.8355263157894737,0.8092105263157895,0.8410596026490066,0.8013245033112583,0.847682119205298,0.8269606134541652,0.018296498517950257,12,0.856198347107438,0.8611570247933884,0.8498349834983498,0.8498349834983498,0.8481848184818482,0.8530420314758749,0.004898536035163467
0.016465187072753906,0.003256167327043287,0.0031894683837890626,0.0001927995157551913,0.9,1.5,0.01,100,5,3,0.075,0.25,0.6,"{'subsample': 0.9, 'reg_lambda': 1.5, 'reg_alpha': 0.01, 'n_estimators': 100, 'min_child_weight': 5, 'max_depth': 3, 'learning_rate': 0.075, 'gamma': 0.25, 'colsample_bytree': 0.6}",0.8289473684210527,0.8026315789473685,0.8344370860927153,0.8079470198675497,0.8211920529801324,0.8190310212617637,0.012100806814232938,84,0.8694214876033057,0.8628099173553719,0.8663366336633663,0.8745874587458746,0.8597359735973598,0.8665782941930557,0.005163465513371933
0.021382665634155272,0.0020412012604288637,0.00359954833984375,0.0005926792132893078,0.9,2.0,0.0,150,5,4,0.05,0.25,0.6,"{'subsample': 0.9, 'reg_lambda': 2, 'reg_alpha': 0, 'n_estimators': 150, 'min_child_weight': 5, 'max_depth': 4, 'learning_rate': 0.05, 'gamma': 0.25, 'colsample_bytree': 0.6}",0.8355263157894737,0.8092105263157895,0.847682119205298,0.8079470198675497,0.8344370860927153,0.8269606134541652,0.01571770997762234,12,0.8793388429752066,0.8743801652892562,0.8729372937293729,0.8745874587458746,0.8663366336633663,0.8735160788806153,0.00418756510916118
0.021025371551513673,0.002490940015748695,0.0036244869232177736,0.0006626381324368381,0.6,1.0,0.01,125,6,4,0.025,0.5,0.6,"{'subsample': 0.6, 'reg_lambda': 1, 'reg_alpha': 0.01, 'n_estimators': 125, 'min_child_weight': 6, 'max_depth': 4, 'learning_rate': 0.025, 'gamma': 0.5, 'colsample_bytree': 0.6}",0.8355263157894737,0.8026315789473685,0.8344370860927153,0.7880794701986755,0.8145695364238411,0.8150487974904147,0.01831390789918441,116,0.8512396694214877,0.8495867768595041,0.834983498349835,0.8498349834983498,0.8415841584158416,0.8454458173090037,0.0062346383303032785
0.021072769165039064,0.0008197505977485072,0.003807830810546875,0.0008945104453456966,0.6,1.0,0.0,150,4,3,0.025,0.1,0.8,"{'subsample': 0.6, 'reg_lambda': 1, 'reg_alpha': 0, 'n_estimators': 150, 'min_child_weight': 4, 'max_depth': 3, 'learning_rate': 0.025, 'gamma': 0.1, 'colsample_bytree': 0.8}",0.8223684210526315,0.7960526315789473,0.8410596026490066,0.8013245033112583,0.847682119205298,0.8216974555594284,0.02060708547901224,53,0.8628099173553719,0.8578512396694215,0.8531353135313532,0.863036303630363,0.8514851485148515,0.8576635845402721,0.0047762825787997
0.021628856658935547,0.0015492414540217968,0.0036266326904296877,0.0005182932000819088,0.9,2.0,0.01,150,5,3,0.075,0.25,0.8,"{'subsample': 0.9, 'reg_lambda': 2, 'reg_alpha': 0.01, 'n_estimators': 150, 'min_child_weight': 5, 'max_depth': 3, 'learning_rate': 0.075, 'gamma': 0.25, 'colsample_bytree': 0.8}",0.8421052631578947,0.8157894736842105,0.8278145695364238,0.8013245033112583,0.847682119205298,0.826943185779017,0.016979242884375877,17,0.8776859504132232,0.8776859504132232,0.8795379537953796,0.8745874587458746,0.8778877887788779,0.8774770204293156,0.0016033120204825624
0.018198823928833006,0.001445573716970484,0.003343677520751953,0.00013014751152494968,0.7,1.5,0.0,100,4,4,0.025,0.25,0.8,"{'subsample': 0.7, 'reg_lambda': 1.5, 'reg_alpha': 0, 'n_estimators': 100, 'min_child_weight': 4, 'max_depth': 4, 'learning_rate': 0.025, 'gamma': 0.25, 'colsample_bytree': 0.8}",0.8223684210526315,0.7960526315789473,0.8145695364238411,0.8013245033112583,0.8278145695364238,0.8124259323806203,0.012096156243404781,121,0.8628099173553719,0.8661157024793389,0.8498349834983498,0.8597359735973598,0.8547854785478548,0.8586564110956552,0.005776846908745485
0.02101278305053711,0.0017902927719838256,0.003479623794555664,0.0005094489592317005,0.7,1.0,0.0,150,5,3,0.075,0.25,0.9,"{'subsample': 0.7, 'reg_lambda': 1, 'reg_alpha': 0, 'n_estimators': 150, 'min_child_weight': 5, 'max_depth': 3, 'learning_rate': 0.075, 'gamma': 0.25, 'colsample_bytree': 0.9}",0.8421052631578947,0.8026315789473685,0.8410596026490066,0.7947019867549668,0.8543046357615894,0.8269606134541652,0.023699613429189016,12,0.8859504132231405,0.8760330578512396,0.8795379537953796,0.8712871287128713,0.8663366336633663,0.8758290374491995,0.0067375751861803316
0.016624641418457032,0.001611398515927083,0.0033497333526611326,0.00016771315281049182,0.6,1.0,0.1,100,6,4,0.025,0.5,0.6,"{'subsample': 0.6, 'reg_lambda': 1, 'reg_alpha': 0.1, 'n_estimators': 100, 'min_child_weight': 6, 'max_depth': 4, 'learning_rate': 0.025, 'gamma': 0.5, 'colsample_bytree': 0.6}",0.8421052631578947,0.8026315789473685,0.8211920529801324,0.7947019867549668,0.8079470198675497,0.8137155803415824,0.01661035731977071,118,0.8330578512396695,0.8363636363636363,0.8283828382838284,0.8366336633663366,0.8366336633663366,0.8342143305239615,0.0032146416434364433
0.02008681297302246,0.0023573212651123755,0.0038829326629638674,0.0007912897119693267,0.9,1.5,0.0,125,6,3,0.025,0.5,0.9,"{'subsample': 0.9, 'reg_lambda': 1.5, 'reg_alpha': 0, 'n_estimators': 125, 'min_child_weight': 6, 'max_depth': 3, 'learning_rate': 0.025, 'gamma': 0.5, 'colsample_bytree': 0.9}",0.8289473684210527,0.7828947368421053,0.8145695364238411,0.8079470198675497,0.8410596026490066,0.815083652840711,0.019770051781341905,110,0.859504132231405,0.8578512396694215,0.8448844884488449,0.8547854785478548,0.8514851485148515,0.8537020974824756,0.005190718532980103
0.019221973419189454,0.002767071708288478,0.0033646106719970705,0.00013916224305048034,0.6,1.0,0.01,125,6,3,0.025,0.25,0.9,"{'subsample': 0.6, 'reg_lambda': 1, 'reg_alpha': 0.01, 'n_estimators': 125, 'min_child_weight': 6, 'max_depth': 3, 'learning_rate': 0.025, 'gamma': 0.25, 'colsample_bytree': 0.9}",0.8289473684210527,0.7894736842105263,0.8278145695364238,0.7880794701986755,0.8278145695364238,0.8124259323806203,0.019319079029304177,121,0.8578512396694215,0.8380165289256198,0.8316831683168316,0.8481848184818482,0.8382838283828383,0.8428039167553119,0.00919127148147571
0.01606583595275879,0.0009624069582490368,0.003347349166870117,0.0003303005045541879,0.8,1.0,0.1,100,6,3,0.05,0.0,0.7,"{'subsample': 0.8, 'reg_lambda': 1, 'reg_alpha': 0.1, 'n_estimators': 100, 'min_child_weight': 6, 'max_depth': 3, 'learning_rate': 0.05, 'gamma': 0, 'colsample_bytree': 0.7}",0.8355263157894737,0.7960526315789473,0.8344370860927153,0.8013245033112583,0.8410596026490066,0.8216800278842802,0.018979678411300945,57,0.8628099173553719,0.8611570247933884,0.8498349834983498,0.8597359735973598,0.8415841584158416,0.8550244115320623,0.008099289235211856
0.022890615463256835,0.0020815272053870113,0.0033996105194091797,0.0002834454596780857,0.8,1.0,0.1,125,4,4,0.025,0.1,0.9,"{'subsample': 0.8, 'reg_lambda': 1, 'reg_alpha': 0.1, 'n_estimators': 125, 'min_child_weight': 4, 'max_depth': 4, 'learning_rate': 0.025, 'gamma': 0.1, 'colsample_bytree': 0.9}",0.8223684210526315,0.8092105263157895,0.8344370860927153,0.8278145695364238,0.8211920529801324,0.8230045311955385,0.008340312516153314,46,0.8727272727272727,0.8677685950413223,0.8646864686468647,0.8712871287128713,0.8663366336633663,0.8685612197583394,0.0030125507590811882
0.023802471160888673,0.010971190392593307,0.005540990829467773,0.0031186429873873733,0.8,1.5,0.0,125,5,3,0.075,0.1,0.8,"{'subsample': 0.8, 'reg_lambda': 1.5, 'reg_alpha': 0, 'n_estimators': 125, 'min_child_weight': 5, 'max_depth': 3, 'learning_rate': 0.075, 'gamma': 0.1, 'colsample_bytree': 0.8}",0.8289473684210527,0.8092105263157895,0.847682119205298,0.8079470198675497,0.8344370860927153,0.825644823980481,0.015212833160258461,24,0.8710743801652893,0.8793388429752066,0.8762376237623762,0.8828382838283828,0.8679867986798679,0.8754951858822245,0.00538823538588635
0.018991565704345702,0.0016265932547318653,0.003893280029296875,0.0005661186099228345,0.7,1.5,0.0,125,6,3,0.05,0.0,0.9,"{'subsample': 0.7, 'reg_lambda': 1.5, 'reg_alpha': 0, 'n_estimators': 125, 'min_child_weight': 6, 'max_depth': 3, 'learning_rate': 0.05, 'gamma': 0, 'colsample_bytree': 0.9}",0.8157894736842105,0.7960526315789473,0.8410596026490066,0.7947019867549668,0.8410596026490066,0.8177326594632277,0.020457292207010647,91,0.859504132231405,0.8578512396694215,0.8613861386138614,0.858085808580858,0.858085808580858,0.8589826255352808,0.0013369696802812538
0.018678951263427734,0.00248830644746552,0.003940010070800781,0.001519485150827607,0.9,2.0,0.1,125,6,3,0.05,0.1,0.8,"{'subsample': 0.9, 'reg_lambda': 2, 'reg_alpha': 0.1, 'n_estimators': 125, 'min_child_weight': 6, 'max_depth': 3, 'learning_rate': 0.05, 'gamma': 0.1, 'colsample_bytree': 0.8}",0.8289473684210527,0.7960526315789473,0.8344370860927153,0.8013245033112583,0.8410596026490066,0.820364238410596,0.018185593215568386,69,0.8644628099173554,0.859504132231405,0.863036303630363,0.8646864686468647,0.8564356435643564,0.8616250715980689,0.003188888007511116
0.02153434753417969,0.0068823869514408895,0.004066896438598633,0.0010237424315667092,0.9,2.0,0.0,125,5,3,0.05,0.1,0.6,"{'subsample': 0.9, 'reg_lambda': 2, 'reg_alpha': 0, 'n_estimators': 125, 'min_child_weight': 5, 'max_depth': 3, 'learning_rate': 0.05, 'gamma': 0.1, 'colsample_bytree': 0.6}",0.8289473684210527,0.7960526315789473,0.8278145695364238,0.8079470198675497,0.8145695364238411,0.815066225165563,0.012390746120681286,113,0.8743801652892562,0.8644628099173554,0.8663366336633663,0.8762376237623762,0.8547854785478548,0.8672405422360416,0.007688733996599502
0.02985854148864746,0.015706345668500706,0.003811025619506836,0.0009649144657367446,0.9,1.0,0.1,125,6,3,0.025,0.1,0.9,"{'subsample': 0.9, 'reg_lambda': 1, 'reg_alpha': 0.1, 'n_estimators': 125, 'min_child_weight': 6, 'max_depth': 3, 'learning_rate': 0.025, 'gamma': 0.1, 'colsample_bytree': 0.9}",0.8289473684210527,0.7763157894736842,0.8145695364238411,0.7947019867549668,0.8410596026490066,0.8111188567445102,0.023267910932779443,124,0.859504132231405,0.859504132231405,0.8448844884488449,0.8498349834983498,0.8481848184818482,0.8523825109783706,0.006029358820860442
0.02263674736022949,0.011630645884715712,0.0036705970764160157,0.00043178539645152787,0.8,1.5,0.1,100,5,4,0.05,0.1,0.9,"{'subsample': 0.8, 'reg_lambda': 1.5, 'reg_alpha': 0.1, 'n_estimators': 100, 'min_child_weight': 5, 'max_depth': 4, 'learning_rate': 0.05, 'gamma': 0.1, 'colsample_bytree': 0.9}",0.8289473684210527,0.8026315789473685,0.8543046357615894,0.8013245033112583,0.8344370860927153,0.8243290345067968,0.020109830525757065,34,0.8710743801652893,0.8710743801652893,0.8712871287128713,0.8712871287128713,0.8564356435643564,0.8682317322641355,0.005898811705942444
0.02508864402770996,0.004612324184212399,0.008715629577636719,0.01013424393819747,0.7,2.0,0.0,150,5,3,0.025,0.0,0.6,"{'subsample': 0.7, 'reg_lambda': 2, 'reg_alpha': 0, 'n_estimators': 150, 'min_child_weight': 5, 'max_depth': 3, 'learning_rate': 0.025, 'gamma': 0, 'colsample_bytree': 0.6}",0.8421052631578947,0.8092105263157895,0.8410596026490066,0.7880794701986755,0.8543046357615894,0.826951899616591,0.024505697221392647,16,0.8611570247933884,0.8578512396694215,0.8498349834983498,0.858085808580858,0.8514851485148515,0.8556828410113738,0.004295601325716298
0.025007200241088868,0.010080717066789764,0.003889608383178711,0.0005917689454707324,0.8,1.0,0.0,100,4,4,0.075,0.1,0.8,"{'subsample': 0.8, 'reg_lambda': 1, 'reg_alpha': 0, 'n_estimators': 100, 'min_child_weight': 4, 'max_depth': 4, 'learning_rate': 0.075, 'gamma': 0.1, 'colsample_bytree': 0.8}",0.8289473684210527,0.8026315789473685,0.8211920529801324,0.8145695364238411,0.847682119205298,0.8230045311955385,0.015058499670647693,46,0.8942148760330578,0.8859504132231405,0.8877887788778878,0.8877887788778878,0.8729372937293729,0.8857360281482693,0.006988161364122212
0.024904441833496094,0.007369075410420758,0.003317594528198242,0.00018447232935262713,0.7,1.5,0.01,150,4,4,0.05,0.1,0.6,"{'subsample': 0.7, 'reg_lambda': 1.5, 'reg_alpha': 0.01, 'n_estimators': 150, 'min_child_weight': 4, 'max_depth': 4, 'learning_rate': 0.05, 'gamma': 0.1, 'colsample_bytree': 0.6}",0.8289473684210527,0.7894736842105263,0.8410596026490066,0.7947019867549668,0.8211920529801324,0.815074939003137,0.019877361778737005,111,0.8826446280991735,0.8727272727272727,0.8712871287128713,0.8729372937293729,0.863036303630363,0.8725265253798107,0.006231941041534392
0.02466874122619629,0.010623569182063591,0.003203296661376953,0.00011960266060146041,0.8,1.5,0.01,150,6,3,0.075,0.25,0.8,"{'subsample': 0.8, 'reg_lambda': 1.5, 'reg_alpha': 0.01, 'n_estimators': 150, 'min_child_weight': 6, 'max_depth': 3, 'learning_rate': 0.075, 'gamma': 0.25, 'colsample_bytree': 0.8}",0.8421052631578947,0.8026315789473685,0.8344370860927153,0.7947019867549668,0.847682119205298,0.8243116068316487,0.02150383033079618,38,0.8677685950413223,0.8727272727272727,0.8679867986798679,0.8762376237623762,0.8679867986798679,0.8705414177781414,0.003404862049417638
0.02732119560241699,0.01384757151983224,0.027866220474243163,0.0486389507925929,0.9,1.0,0.1,125,6,4,0.075,0.0,0.6,"{'subsample': 0.9, 'reg_lambda': 1, 'reg_alpha': 0.1, 'n_estimators': 125, 'min_child_weight': 6, 'max_depth': 4, 'learning_rate': 0.075, 'gamma': 0, 'colsample_bytree': 0.6}",0.8289473684210527,0.7960526315789473,0.847682119205298,0.8013245033112583,0.8344370860927153,0.8216887417218542,0.019813005668277733,56,0.8809917355371901,0.8776859504132232,0.8712871287128713,0.8795379537953796,0.8762376237623762,0.8771480784442082,0.003345270386038977
0.01920795440673828,0.005410640870188371,0.0033095836639404296,0.0003036913906321375,0.8,2.0,0.1,100,5,3,0.05,0.0,0.9,"{'subsample': 0.8, 'reg_lambda': 2, 'reg_alpha': 0.1, 'n_estimators': 100, 'min_child_weight': 5, 'max_depth': 3, 'learning_rate': 0.05, 'gamma': 0, 'colsample_bytree': 0.9}",0.8223684210526315,0.8026315789473685,0.8278145695364238,0.8013245033112583,0.8410596026490066,0.8190397350993377,0.015205324475930627,80,0.8611570247933884,0.8611570247933884,0.863036303630363,0.8646864686468647,0.8498349834983498,0.8599743610724708,0.005238011350973345
0.022082996368408204,0.0008285397432940025,0.0034419536590576173,0.00025320828061358363,0.9,1.5,0.0,150,6,4,0.05,0.0,0.6,"{'subsample': 0.9, 'reg_lambda': 1.5, 'reg_alpha': 0, 'n_estimators': 150, 'min_child_weight': 6, 'max_depth': 4, 'learning_rate': 0.05, 'gamma': 0, 'colsample_bytree': 0.6}",0.8355263157894737,0.7960526315789473,0.8609271523178808,0.7947019867549668,0.8278145695364238,0.8230045311955385,0.02508184867907371,46,0.8727272727272727,0.8727272727272727,0.8762376237623762,0.8729372937293729,0.8613861386138614,0.8712031203120312,0.005086704105114134
0.029638051986694336,0.0024915344513892408,0.006006479263305664,0.0019942430744501415,0.6,2.0,0.01,150,4,4,0.025,0.1,0.8,"{'subsample': 0.6, 'reg_lambda': 2, 'reg_alpha': 0.01, 'n_estimators': 150, 'min_child_weight': 4, 'max_depth': 4, 'learning_rate': 0.025, 'gamma': 0.1, 'colsample_bytree': 0.8}",0.8289473684210527,0.7960526315789473,0.8410596026490066,0.8145695364238411,0.847682119205298,0.8256622516556291,0.01861463353912544,20,0.8644628099173554,0.8628099173553719,0.8514851485148515,0.8613861386138614,0.8531353135313532,0.8586558655865586,0.005297675295434323
0.021459197998046874,0.004791889541744611,0.003496551513671875,0.0002577376342614396,0.8,1.5,0.01,125,4,4,0.075,0.1,0.7,"{'subsample': 0.8, 'reg_lambda': 1.5, 'reg_alpha': 0.01, 'n_estimators': 125, 'min_child_weight': 4, 'max_depth': 4, 'learning_rate': 0.075, 'gamma': 0.1, 'colsample_bytree': 0.7}",0.8223684210526315,0.7960526315789473,0.8145695364238411,0.8278145695364238,0.8410596026490066,0.82037295224817,0.014916130202601074,66,0.8958677685950414,0.8909090909090909,0.8927392739273927,0.8877887788778878,0.8778877887788779,0.8890385402176582,0.006160095959737751
0.021867656707763673,0.002669227583649779,0.003941202163696289,0.0007121208410054696,0.6,1.5,0.1,150,6,3,0.075,0.1,0.6,"{'subsample': 0.6, 'reg_lambda': 1.5, 'reg_alpha': 0.1, 'n_estimators': 150, 'min_child_weight': 6, 'max_depth': 3, 'learning_rate': 0.075, 'gamma': 0.1, 'colsample_bytree': 0.6}",0.8223684210526315,0.7763157894736842,0.847682119205298,0.8013245033112583,0.8410596026490066,0.8177500871383756,0.026257150996127115,90,0.8578512396694215,0.8644628099173554,0.8613861386138614,0.8646864686468647,0.8465346534653465,0.85898426206257,0.006701867671958731
0.014799737930297851,0.0007229374782310493,0.0032226085662841798,0.00012346396024930797,0.8,1.0,0.0,100,4,3,0.025,0.25,0.6,"{'subsample': 0.8, 'reg_lambda': 1, 'reg_alpha': 0, 'n_estimators': 100, 'min_child_weight': 4, 'max_depth': 3, 'learning_rate': 0.025, 'gamma': 0.25, 'colsample_bytree': 0.6}",0.8421052631578947,0.8157894736842105,0.8278145695364238,0.8278145695364238,0.8410596026490066,0.8309166957127919,0.009758502164989665,2,0.856198347107438,0.856198347107438,0.8547854785478548,0.8531353135313532,0.8498349834983498,0.8540304939584867,0.0023821348534144903
0.02268247604370117,0.002743309999243387,0.0036837100982666016,0.0003452188927321613,0.8,1.5,0.01,150,4,4,0.05,0.0,0.7,"{'subsample': 0.8, 'reg_lambda': 1.5, 'reg_alpha': 0.01, 'n_estimators': 150, 'min_child_weight': 4, 'max_depth': 4, 'learning_rate': 0.05, 'gamma': 0, 'colsample_bytree': 0.7}",0.8289473684210527,0.8157894736842105,0.8278145695364238,0.8145695364238411,0.847682119205298,0.8269606134541652,0.011936418144606005,12,0.8826446280991735,0.8826446280991735,0.8778877887788779,0.8811881188118812,0.8729372937293729,0.8794604915036958,0.0036956095815681117
0.021341753005981446,0.0033742252405219338,0.003577852249145508,0.00037897521038879795,0.6,2.0,0.1,125,6,3,0.075,0.5,0.9,"{'subsample': 0.6, 'reg_lambda': 2, 'reg_alpha': 0.1, 'n_estimators': 125, 'min_child_weight': 6, 'max_depth': 3, 'learning_rate': 0.075, 'gamma': 0.5, 'colsample_bytree': 0.9}",0.8355263157894737,0.7894736842105263,0.8410596026490066,0.7947019867549668,0.8344370860927153,0.8190397350993377,0.022182144562707642,80,0.8611570247933884,0.8628099173553719,0.8514851485148515,0.8564356435643564,0.8564356435643564,0.8576646755584649,0.003996939081225639
0.017938899993896484,0.0017244071573889208,0.0038269996643066407,0.00011904692082562275,0.6,2.0,0.1,100,6,3,0.025,0.25,0.9,"{'subsample': 0.6, 'reg_lambda': 2, 'reg_alpha': 0.1, 'n_estimators': 100, 'min_child_weight': 6, 'max_depth': 3, 'learning_rate': 0.025, 'gamma': 0.25, 'colsample_bytree': 0.9}",0.8289473684210527,0.7960526315789473,0.8211920529801324,0.7748344370860927,0.8145695364238411,0.8071192052980132,0.019466876963044593,125,0.8347107438016529,0.828099173553719,0.8283828382838284,0.8382838283828383,0.8267326732673267,0.8312418514578731,0.004472263896444299
0.014853334426879883,0.0009226245592459844,0.003356599807739258,0.0002929399163864103,0.8,1.5,0.1,100,6,3,0.05,0.5,0.7,"{'subsample': 0.8, 'reg_lambda': 1.5, 'reg_alpha': 0.1, 'n_estimators': 100, 'min_child_weight': 6, 'max_depth': 3, 'learning_rate': 0.05, 'gamma': 0.5, 'colsample_bytree': 0.7}",0.8355263157894737,0.7960526315789473,0.8344370860927153,0.8013245033112583,0.8410596026490066,0.8216800278842802,0.018979678411300945,57,0.859504132231405,0.8628099173553719,0.8514851485148515,0.863036303630363,0.8465346534653465,0.8566740310394676,0.006570670675114111
0.0220855712890625,0.005413149361739513,0.003294706344604492,0.00017120147398174757,0.7,2.0,0.1,125,4,4,0.025,0.5,0.8,"{'subsample': 0.7, 'reg_lambda': 2, 'reg_alpha': 0.1, 'n_estimators': 125, 'min_child_weight': 4, 'max_depth': 4, 'learning_rate': 0.025, 'gamma': 0.5, 'colsample_bytree': 0.8}",0.8223684210526315,0.7960526315789473,0.8344370860927153,0.8145695364238411,0.8278145695364238,0.8190484489369119,0.013217757086494832,76,0.8661157024793389,0.8677685950413223,0.8531353135313532,0.863036303630363,0.8547854785478548,0.8609682786460464,0.005943052449261446
0.017170429229736328,0.0012681630661404535,0.0035059452056884766,0.0005344307609184561,0.9,1.5,0.0,125,6,3,0.05,0.1,0.7,"{'subsample': 0.9, 'reg_lambda': 1.5, 'reg_alpha': 0, 'n_estimators': 125, 'min_child_weight': 6, 'max_depth': 3, 'learning_rate': 0.05, 'gamma': 0.1, 'colsample_bytree': 0.7}",0.8355263157894737,0.7960526315789473,0.8211920529801324,0.8013245033112583,0.8344370860927153,0.8177065179505053,0.016412600393956093,97,0.8661157024793389,0.8677685950413223,0.8646864686468647,0.8679867986798679,0.858085808580858,0.8649286746856504,0.0036251837268447018
0.022277402877807616,0.003391401835404247,0.003939437866210938,0.0005932878247953972,0.6,2.0,0.0,125,4,4,0.05,0.0,0.7,"{'subsample': 0.6, 'reg_lambda': 2, 'reg_alpha': 0, 'n_estimators': 125, 'min_child_weight': 4, 'max_depth': 4, 'learning_rate': 0.05, 'gamma': 0, 'colsample_bytree': 0.7}",0.8355263157894737,0.7894736842105263,0.847682119205298,0.8079470198675497,0.8410596026490066,0.8243377483443709,0.022063195832341627,31,0.8644628099173554,0.8694214876033057,0.8597359735973598,0.8729372937293729,0.8531353135313532,0.8639385756757493,0.007009798977771763
0.0191497802734375,0.001168100960492328,0.003214120864868164,0.0002731686839618024,0.9,1.5,0.0,150,5,3,0.05,0.1,0.7,"{'subsample': 0.9, 'reg_lambda': 1.5, 'reg_alpha': 0, 'n_estimators': 150, 'min_child_weight': 5, 'max_depth': 3, 'learning_rate': 0.05, 'gamma': 0.1, 'colsample_bytree': 0.7}",0.8289473684210527,0.7960526315789473,0.8344370860927153,0.7947019867549668,0.8211920529801324,0.815066225165563,0.016623243393952006,113,0.8743801652892562,0.8694214876033057,0.8663366336633663,0.8762376237623762,0.8663366336633663,0.8705425087963341,0.004093834427955203
0.022035980224609376,0.0006829114984810569,0.003808450698852539,0.0007852749333335667,0.7,1.5,0.1,150,5,4,0.025,0.1,0.7,"{'subsample': 0.7, 'reg_lambda': 1.5, 'reg_alpha': 0.1, 'n_estimators': 150, 'min_child_weight': 5, 'max_depth': 4, 'learning_rate': 0.025, 'gamma': 0.1, 'colsample_bytree': 0.7}",0.8223684210526315,0.7960526315789473,0.8410596026490066,0.7947019867549668,0.847682119205298,0.8203729522481702,0.02203717979803836,62,0.859504132231405,0.8628099173553719,0.8498349834983498,0.858085808580858,0.8498349834983498,0.8560139650328669,0.005272919425492307
0.01747889518737793,0.0017238558974150646,0.003745412826538086,0.0005020310584227301,0.7,2.0,0.0,100,4,3,0.05,0.0,0.7,"{'subsample': 0.7, 'reg_lambda': 2, 'reg_alpha': 0, 'n_estimators': 100, 'min_child_weight': 4, 'max_depth': 3, 'learning_rate': 0.05, 'gamma': 0, 'colsample_bytree': 0.7}",0.8355263157894737,0.7960526315789473,0.8410596026490066,0.8145695364238411,0.8410596026490066,0.825653537818055,0.01772700848483621,22,0.8661157024793389,0.8628099173553719,0.8514851485148515,0.8679867986798679,0.8498349834983498,0.859646510105556,0.007540449406741465
0.02396712303161621,0.002619537196816032,0.003933238983154297,0.0006645002605721125,0.7,2.0,0.0,150,5,4,0.025,0.1,0.7,"{'subsample': 0.7, 'reg_lambda': 2, 'reg_alpha': 0, 'n_estimators': 150, 'min_child_weight': 5, 'max_depth': 4, 'learning_rate': 0.025, 'gamma': 0.1, 'colsample_bytree': 0.7}",0.8223684210526315,0.7960526315789473,0.8410596026490066,0.7880794701986755,0.847682119205298,0.8190484489369118,0.02367819856186477,77,0.859504132231405,0.8628099173553719,0.8531353135313532,0.858085808580858,0.8531353135313532,0.8573340970460682,0.0037554839103317713
0.01795339584350586,0.0023456996385661484,0.003888368606567383,0.00039983763879235555,0.6,1.0,0.0,100,4,3,0.075,0.1,0.7,"{'subsample': 0.6, 'reg_lambda': 1, 'reg_alpha': 0, 'n_estimators': 100, 'min_child_weight': 4, 'max_depth': 3, 'learning_rate': 0.075, 'gamma': 0.1, 'colsample_bytree': 0.7}",0.8289473684210527,0.7894736842105263,0.8410596026490066,0.7947019867549668,0.8410596026490066,0.8190484489369118,0.022513939290254657,77,0.8578512396694215,0.856198347107438,0.8663366336633663,0.8646864686468647,0.8547854785478548,0.8599716335269891,0.004655595792731006
0.022128486633300783,0.0032459197747325883,0.0043735504150390625,0.000903477181425455,0.7,1.5,0.1,100,6,4,0.025,0.0,0.9,"{'subsample': 0.7, 'reg_lambda': 1.5, 'reg_alpha': 0.1, 'n_estimators': 100, 'min_child_weight': 6, 'max_depth': 4, 'learning_rate': 0.025, 'gamma': 0, 'colsample_bytree': 0.9}",0.8355263157894737,0.8026315789473685,0.8278145695364238,0.7880794701986755,0.8344370860927153,0.8176978041129314,0.01899813241889368,99,0.8479338842975207,0.8512396694214877,0.834983498349835,0.8415841584158416,0.8481848184818482,0.8447852057933065,0.005821543036046166
0.015237188339233399,0.0008802592507159898,0.004553842544555664,0.001961900100572214,0.6,2.0,0.01,100,4,3,0.05,0.1,0.6,"{'subsample': 0.6, 'reg_lambda': 2, 'reg_alpha': 0.01, 'n_estimators': 100, 'min_child_weight': 4, 'max_depth': 3, 'learning_rate': 0.05, 'gamma': 0.1, 'colsample_bytree': 0.6}",0.8355263157894737,0.8026315789473685,0.8410596026490066,0.8079470198675497,0.8278145695364238,0.8229958173579645,0.015150594803448733,51,0.8545454545454545,0.8578512396694215,0.8481848184818482,0.858085808580858,0.8382838283828383,0.8513902299320841,0.007464359138788528
0.024376678466796874,0.0009981609510380308,0.0034273147583007814,7.49873090120149e-05,0.7,1.0,0.1,150,4,3,0.025,0.0,0.9,"{'subsample': 0.7, 'reg_lambda': 1, 'reg_alpha': 0.1, 'n_estimators': 150, 'min_child_weight': 4, 'max_depth': 3, 'learning_rate': 0.025, 'gamma': 0, 'colsample_bytree': 0.9}",0.8223684210526315,0.7960526315789473,0.8410596026490066,0.8079470198675497,0.8344370860927153,0.8203729522481702,0.01658674804978277,62,0.8611570247933884,0.8628099173553719,0.8481848184818482,0.8679867986798679,0.858085808580858,0.8596448735782669,0.006567425131483468
0.017779731750488283,0.0019462685510463393,0.003323221206665039,0.000155815295372631,0.9,1.5,0.01,100,4,3,0.05,0.1,0.9,"{'subsample': 0.9, 'reg_lambda': 1.5, 'reg_alpha': 0.01, 'n_estimators': 100, 'min_child_weight': 4, 'max_depth': 3, 'learning_rate': 0.05, 'gamma': 0.1, 'colsample_bytree': 0.9}",0.8092105263157895,0.8092105263157895,0.8344370860927153,0.8145695364238411,0.8410596026490066,0.8216974555594284,0.01341525222362872,53,0.8743801652892562,0.8677685950413223,0.8729372937293729,0.8712871287128713,0.863036303630363,0.8698818972806371,0.0040711850042418505
0.02190885543823242,0.0035537822422222753,0.003813648223876953,0.0007305320900730418,0.9,2.0,0.0,125,6,4,0.05,0.5,0.8,"{'subsample': 0.9, 'reg_lambda': 2, 'reg_alpha': 0, 'n_estimators': 125, 'min_child_weight': 6, 'max_depth': 4, 'learning_rate': 0.05, 'gamma': 0.5, 'colsample_bytree': 0.8}",0.8355263157894737,0.8026315789473685,0.8410596026490066,0.8013245033112583,0.847682119205298,0.825644823980481,0.01970781117731984,24,0.8727272727272727,0.8760330578512396,0.8712871287128713,0.8712871287128713,0.8613861386138614,0.8705441453236233,0.004896270857005968
0.021328830718994142,0.0012977786251333109,0.004558753967285156,0.0015898370158645041,0.8,1.5,0.01,125,5,4,0.025,0.5,0.8,"{'subsample': 0.8, 'reg_lambda': 1.5, 'reg_alpha': 0.01, 'n_estimators': 125, 'min_child_weight': 5, 'max_depth': 4, 'learning_rate': 0.025, 'gamma': 0.5, 'colsample_bytree': 0.8}",0.8223684210526315,0.7894736842105263,0.8278145695364238,0.8079470198675497,0.8344370860927153,0.8164081561519694,0.016048239434775128,101,0.8644628099173554,0.8661157024793389,0.8663366336633663,0.8646864686468647,0.858085808580858,0.8639374846575567,0.003019258365315451
0.021430587768554686,0.0033446942413717113,0.004300451278686524,0.0006370924821221646,0.9,2.0,0.0,125,5,3,0.025,0.0,0.9,"{'subsample': 0.9, 'reg_lambda': 2, 'reg_alpha': 0, 'n_estimators': 125, 'min_child_weight': 5, 'max_depth': 3, 'learning_rate': 0.025, 'gamma': 0, 'colsample_bytree': 0.9}",0.8355263157894737,0.7894736842105263,0.8410596026490066,0.8211920529801324,0.8145695364238411,0.820364238410596,0.01814759972154906,69,0.8661157024793389,0.8578512396694215,0.8514851485148515,0.8564356435643564,0.8498349834983498,0.8563445435452636,0.005722623024539713
0.017715835571289064,0.0027783510887924266,0.0036844730377197264,0.0005230776786135742,0.8,1.0,0.1,100,5,3,0.05,0.1,0.9,"{'subsample': 0.8, 'reg_lambda': 1, 'reg_alpha': 0.1, 'n_estimators': 100, 'min_child_weight': 5, 'max_depth': 3, 'learning_rate': 0.05, 'gamma': 0.1, 'colsample_bytree': 0.9}",0.8223684210526315,0.8026315789473685,0.8344370860927153,0.7947019867549668,0.8211920529801324,0.815066225165563,0.014390279475126307,113,0.8644628099173554,0.8644628099173554,0.8613861386138614,0.8696369636963697,0.8514851485148515,0.8622867741319586,0.006016341253952194
0.016397762298583984,0.0016009668184867893,0.004269647598266602,0.0011384945196154436,0.9,1.5,0.01,100,6,3,0.025,0.0,0.8,"{'subsample': 0.9, 'reg_lambda': 1.5, 'reg_alpha': 0.01, 'n_estimators': 100, 'min_child_weight': 6, 'max_depth': 3, 'learning_rate': 0.025, 'gamma': 0, 'colsample_bytree': 0.8}",0.8355263157894737,0.7828947368421053,0.8211920529801324,0.7947019867549668,0.8410596026490066,0.815074939003137,0.022722250043005557,111,0.8545454545454545,0.8611570247933884,0.8366336633663366,0.8415841584158416,0.8481848184818482,0.8484210239205738,0.008780145334628342
0.01672215461730957,0.0007646247370166129,0.003366994857788086,0.00017478104223248643,0.6,1.0,0.1,100,6,4,0.075,0.1,0.9,"{'subsample': 0.6, 'reg_lambda': 1, 'reg_alpha': 0.1, 'n_estimators': 100, 'min_child_weight': 6, 'max_depth': 4, 'learning_rate': 0.075, 'gamma': 0.1, 'colsample_bytree': 0.9}",0.8355263157894737,0.7960526315789473,0.847682119205298,0.7880794701986755,0.847682119205298,0.8230045311955385,0.02577179298362134,46,0.856198347107438,0.8694214876033057,0.8564356435643564,0.858085808580858,0.8531353135313532,0.8586553200774623,0.005615493901815606
0.023188352584838867,0.003463374268481585,0.0036539077758789063,0.0005805457955166184,0.9,2.0,0.01,150,6,3,0.075,0.0,0.8,"{'subsample': 0.9, 'reg_lambda': 2, 'reg_alpha': 0.01, 'n_estimators': 150, 'min_child_weight': 6, 'max_depth': 3, 'learning_rate': 0.075, 'gamma': 0, 'colsample_bytree': 0.8}",0.8355263157894737,0.8092105263157895,0.8543046357615894,0.8079470198675497,0.847682119205298,0.8309341233879401,0.0192254312907052,1,0.8743801652892562,0.8743801652892562,0.8729372937293729,0.8778877887788779,0.8696369636963697,0.8738444753566267,0.0026626469429657136
0.019192934036254883,0.00294956198555279,0.003664445877075195,0.0002008865995555429,0.8,1.0,0.0,100,6,4,0.025,0.25,0.7,"{'subsample': 0.8, 'reg_lambda': 1, 'reg_alpha': 0, 'n_estimators': 100, 'min_child_weight': 6, 'max_depth': 4, 'learning_rate': 0.025, 'gamma': 0.25, 'colsample_bytree': 0.7}",0.8355263157894737,0.8026315789473685,0.8278145695364238,0.7947019867549668,0.8211920529801324,0.8163733008016731,0.015358657219777689,109,0.8479338842975207,0.8628099173553719,0.8415841584158416,0.8448844884488449,0.8465346534653465,0.8487494203965852,0.007342295889297718
0.017843866348266603,0.002742429397108543,0.003523111343383789,0.0002859308603375034,0.8,1.5,0.01,100,5,4,0.025,0.0,0.7,"{'subsample': 0.8, 'reg_lambda': 1.5, 'reg_alpha': 0.01, 'n_estimators': 100, 'min_child_weight': 5, 'max_depth': 4, 'learning_rate': 0.025, 'gamma': 0, 'colsample_bytree': 0.7}",0.8289473684210527,0.8026315789473685,0.8211920529801324,0.8013245033112583,0.8344370860927153,0.8177065179505053,0.013520663990306792,97,0.8528925619834711,0.8611570247933884,0.8448844884488449,0.8531353135313532,0.8597359735973598,0.8543610724708834,0.005805845034883237
0.01822047233581543,0.0025311461183452934,0.0034279823303222656,0.00024058960459708714,0.7,2.0,0.1,125,6,3,0.05,0.5,0.7,"{'subsample': 0.7, 'reg_lambda': 2, 'reg_alpha': 0.1, 'n_estimators': 125, 'min_child_weight': 6, 'max_depth': 3, 'learning_rate': 0.05, 'gamma': 0.5, 'colsample_bytree': 0.7}",0.8355263157894737,0.8026315789473685,0.8344370860927153,0.7880794701986755,0.8410596026490066,0.8203468107354478,0.021037983196136485,72,0.859504132231405,0.859504132231405,0.8481848184818482,0.8613861386138614,0.8465346534653465,0.8550227750047732,0.006316064887005656
0.016718721389770506,0.001730279709892493,0.0039006710052490235,0.0009235944897205524,0.6,2.0,0.01,100,6,4,0.05,0.1,0.6,"{'subsample': 0.6, 'reg_lambda': 2, 'reg_alpha': 0.01, 'n_estimators': 100, 'min_child_weight': 6, 'max_depth': 4, 'learning_rate': 0.05, 'gamma': 0.1, 'colsample_bytree': 0.6}",0.8421052631578947,0.7960526315789473,0.8278145695364238,0.8013245033112583,0.8344370860927153,0.8203468107354478,0.018329150845587894,72,0.8545454545454545,0.8495867768595041,0.8366336633663366,0.8531353135313532,0.8415841584158416,0.847097073343698,0.006899456935777476
0.020581769943237304,0.0018025329570640417,0.003631401062011719,0.00023810391642474138,0.9,2.0,0.1,125,6,4,0.05,0.1,0.9,"{'subsample': 0.9, 'reg_lambda': 2, 'reg_alpha': 0.1, 'n_estimators': 125, 'min_child_weight': 6, 'max_depth': 4, 'learning_rate': 0.05, 'gamma': 0.1, 'colsample_bytree': 0.9}",0.8355263157894737,0.7960526315789473,0.847682119205298,0.8079470198675497,0.847682119205298,0.8269780411293134,0.021208259823672693,11,0.8743801652892562,0.8776859504132232,0.8811881188118812,0.8646864686468647,0.863036303630363,0.8721954013583175,0.007156276003805786
0.021237802505493165,0.0022910528669976607,0.0043160438537597655,0.0006778034387550548,0.7,1.0,0.0,150,6,3,0.075,0.0,0.6,"{'subsample': 0.7, 'reg_lambda': 1, 'reg_alpha': 0, 'n_estimators': 150, 'min_child_weight': 6, 'max_depth': 3, 'learning_rate': 0.075, 'gamma': 0, 'colsample_bytree': 0.6}",0.8355263157894737,0.8026315789473685,0.8410596026490066,0.8013245033112583,0.8278145695364238,0.821671314046706,0.016625947287220774,60,0.8710743801652893,0.8694214876033057,0.8613861386138614,0.8712871287128713,0.8613861386138614,0.8669110547418377,0.004557081776220395
0.019816017150878905,0.00114669909059989,0.004371023178100586,0.0007338026344681162,0.9,1.5,0.01,125,4,3,0.025,0.25,0.6,"{'subsample': 0.9, 'reg_lambda': 1.5, 'reg_alpha': 0.01, 'n_estimators': 125, 'min_child_weight': 4, 'max_depth': 3, 'learning_rate': 0.025, 'gamma': 0.25, 'colsample_bytree': 0.6}",0.8421052631578947,0.8092105263157895,0.8211920529801324,0.8344370860927153,0.8410596026490066,0.8296009062391076,0.012629534492540275,6,0.8677685950413223,0.859504132231405,0.8498349834983498,0.8613861386138614,0.8547854785478548,0.8586558655865588,0.006066360389286849
0.019915771484375,0.0007533213625823976,0.004224395751953125,0.0015709396203961539,0.9,2.0,0.1,125,6,4,0.025,0.0,0.9,"{'subsample': 0.9, 'reg_lambda': 2, 'reg_alpha': 0.1, 'n_estimators': 125, 'min_child_weight': 6, 'max_depth': 4, 'learning_rate': 0.025, 'gamma': 0, 'colsample_bytree': 0.9}",0.8289473684210527,0.7960526315789473,0.8211920529801324,0.8013245033112583,0.8410596026490066,0.8177152317880794,0.01685902166590552,96,0.8694214876033057,0.8644628099173554,0.8547854785478548,0.8547854785478548,0.8514851485148515,0.8589880806262444,0.006788908022453695
0.015189886093139648,0.0004968164268959665,0.003161334991455078,0.00012241837307209666,0.7,1.5,0.01,100,4,3,0.025,0.25,0.8,"{'subsample': 0.7, 'reg_lambda': 1.5, 'reg_alpha': 0.01, 'n_estimators': 100, 'min_child_weight': 4, 'max_depth': 3, 'learning_rate': 0.025, 'gamma': 0.25, 'colsample_bytree': 0.8}",0.8355263157894737,0.7960526315789473,0.8211920529801324,0.8013245033112583,0.8410596026490066,0.8190310212617635,0.01790837998214808,85,0.8545454545454545,0.859504132231405,0.8399339933993399,0.8498349834983498,0.8514851485148515,0.8510607424378801,0.006464073009190703
0.018741369247436523,0.0010485010053894379,0.0035526275634765623,0.00024254815031835285,0.7,1.0,0.01,125,4,4,0.05,0.0,0.6,"{'subsample': 0.7, 'reg_lambda': 1, 'reg_alpha': 0.01, 'n_estimators': 125, 'min_child_weight': 4, 'max_depth': 4, 'learning_rate': 0.05, 'gamma': 0, 'colsample_bytree': 0.6}",0.8289473684210527,0.7894736842105263,0.8410596026490066,0.7947019867549668,0.8344370860927153,0.8177239456256535,0.021344484217212665,93,0.8809917355371901,0.8710743801652893,0.8712871287128713,0.8745874587458746,0.8679867986798679,0.8731855003682186,0.004426961429772576
0.021898412704467775,0.002045596087980004,0.0038504600524902344,0.0009458485426429543,0.7,1.0,0.1,150,6,4,0.075,0.1,0.7,"{'subsample': 0.7, 'reg_lambda': 1, 'reg_alpha': 0.1, 'n_estimators': 150, 'min_child_weight': 6, 'max_depth': 4, 'learning_rate': 0.075, 'gamma': 0.1, 'colsample_bytree': 0.7}",0.8355263157894737,0.7960526315789473,0.8410596026490066,0.7947019867549668,0.847682119205298,0.8230045311955385,0.022887564131377186,46,0.8710743801652893,0.8743801652892562,0.8646864686468647,0.8679867986798679,0.8597359735973598,0.8675727572757277,0.005069900146518353
0.017366409301757812,0.0015406299910881575,0.0036134243011474608,0.00038109231398735855,0.7,1.5,0.0,100,5,4,0.05,0.1,0.7,"{'subsample': 0.7, 'reg_lambda': 1.5, 'reg_alpha': 0, 'n_estimators': 100, 'min_child_weight': 5, 'max_depth': 4, 'learning_rate': 0.05, 'gamma': 0.1, 'colsample_bytree': 0.7}",0.8355263157894737,0.7894736842105263,0.8410596026490066,0.8079470198675497,0.8410596026490066,0.8230132450331127,0.02078370644070289,41,0.8611570247933884,0.8644628099173554,0.8613861386138614,0.8646864686468647,0.8547854785478548,0.8612955841038648,0.0035759835147771385
0.01657252311706543,0.0009012152076124737,0.004153156280517578,0.0009911747186667926,0.7,1.0,0.1,100,5,4,0.075,0.25,0.7,"{'subsample': 0.7, 'reg_lambda': 1, 'reg_alpha': 0.1, 'n_estimators': 100, 'min_child_weight': 5, 'max_depth': 4, 'learning_rate': 0.075, 'gamma': 0.25, 'colsample_bytree': 0.7}",0.8421052631578947,0.7894736842105263,0.8410596026490066,0.8013245033112583,0.847682119205298,0.8243290345067967,0.02402239238774872,36,0.8611570247933884,0.8710743801652893,0.8712871287128713,0.863036303630363,0.8597359735973598,0.8652581621798543,0.00494828008761802
0.017111682891845705,0.0022416640559321604,0.0037056922912597655,0.00043011130354169303,0.9,1.5,0.1,100,5,3,0.05,0.25,0.8,"{'subsample': 0.9, 'reg_lambda': 1.5, 'reg_alpha': 0.1, 'n_estimators': 100, 'min_child_weight': 5, 'max_depth': 3, 'learning_rate': 0.05, 'gamma': 0.25, 'colsample_bytree': 0.8}",0.8223684210526315,0.7960526315789473,0.8278145695364238,0.8013245033112583,0.8145695364238411,0.8124259323806203,0.012096156243404781,121,0.8661157024793389,0.8644628099173554,0.863036303630363,0.8679867986798679,0.8547854785478548,0.8632774186509561,0.004556543667505981
0.021687746047973633,0.0030505359967965013,0.003325223922729492,0.00025141539307345156,0.7,2.0,0.1,150,5,3,0.025,0.0,0.7,"{'subsample': 0.7, 'reg_lambda': 2, 'reg_alpha': 0.1, 'n_estimators': 150, 'min_child_weight': 5, 'max_depth': 3, 'learning_rate': 0.025, 'gamma': 0, 'colsample_bytree': 0.7}",0.8355263157894737,0.8026315789473685,0.8410596026490066,0.7947019867549668,0.8543046357615894,0.825644823980481,0.022994402430235608,24,0.8545454545454545,0.859504132231405,0.8465346534653465,0.8564356435643564,0.8481848184818482,0.8530409404576821,0.004928977800670255
0.021834373474121094,0.002734481677593836,0.003531646728515625,0.00019696903836185334,0.6,2.0,0.0,150,6,4,0.075,0.0,0.7,"{'subsample': 0.6, 'reg_lambda': 2, 'reg_alpha': 0, 'n_estimators': 150, 'min_child_weight': 6, 'max_depth': 4, 'learning_rate': 0.075, 'gamma': 0, 'colsample_bytree': 0.7}",0.8355263157894737,0.7960526315789473,0.8344370860927153,0.8013245033112583,0.8278145695364238,0.8190310212617635,0.016900411035070118,85,0.8644628099173554,0.8710743801652893,0.858085808580858,0.8663366336633663,0.8498349834983498,0.8619589231650437,0.007355491608624349
0.01675105094909668,0.0018953084188389668,0.0036943912506103515,0.00028085273875318943,0.8,1.5,0.1,100,4,3,0.075,0.25,0.7,"{'subsample': 0.8, 'reg_lambda': 1.5, 'reg_alpha': 0.1, 'n_estimators': 100, 'min_child_weight': 4, 'max_depth': 3, 'learning_rate': 0.075, 'gamma': 0.25, 'colsample_bytree': 0.7}",0.8486842105263158,0.8092105263157895,0.8278145695364238,0.8013245033112583,0.8278145695364238,0.8229696758452423,0.01652882919883688,52,0.8809917355371901,0.8644628099173554,0.8679867986798679,0.8762376237623762,0.8646864686468647,0.8708730873087308,0.006616069257264856
0.01976947784423828,0.0011650272517304335,0.0034749507904052734,0.00036561782560237373,0.7,2.0,0.1,125,4,4,0.05,0.5,0.6,"{'subsample': 0.7, 'reg_lambda': 2, 'reg_alpha': 0.1, 'n_estimators': 125, 'min_child_weight': 4, 'max_depth': 4, 'learning_rate': 0.05, 'gamma': 0.5, 'colsample_bytree': 0.6}",0.8223684210526315,0.7960526315789473,0.8410596026490066,0.8013245033112583,0.8410596026490066,0.82037295224817,0.0190482456395249,66,0.8727272727272727,0.8661157024793389,0.8663366336633663,0.8696369636963697,0.8597359735973598,0.8669105092327414,0.004329048487168772
0.019121599197387696,0.002099666672215198,0.0036633968353271484,0.00031258676480899343,0.9,2.0,0.01,125,5,4,0.075,0.25,0.6,"{'subsample': 0.9, 'reg_lambda': 2, 'reg_alpha': 0.01, 'n_estimators': 125, 'min_child_weight': 5, 'max_depth': 4, 'learning_rate': 0.075, 'gamma': 0.25, 'colsample_bytree': 0.6}",0.8355263157894737,0.8092105263157895,0.8278145695364238,0.8079470198675497,0.847682119205298,0.8256361101429069,0.015305502850092922,27,0.8842975206611571,0.8793388429752066,0.8778877887788779,0.8828382838283828,0.8729372937293729,0.8794599459945994,0.003996163960575411
0.018426799774169923,0.0019500700882224276,0.0032124042510986326,0.0002890035393548807,0.7,1.5,0.01,125,5,3,0.025,0.0,0.6,"{'subsample': 0.7, 'reg_lambda': 1.5, 'reg_alpha': 0.01, 'n_estimators': 125, 'min_child_weight': 5, 'max_depth': 3, 'learning_rate': 0.025, 'gamma': 0, 'colsample_bytree': 0.6}",0.8421052631578947,0.8157894736842105,0.8344370860927153,0.8013245033112583,0.8410596026490066,0.826943185779017,0.015912526779111667,17,0.8578512396694215,0.8528925619834711,0.8465346534653465,0.8514851485148515,0.8498349834983498,0.8517197174262879,0.0037272848618194496
0.02359285354614258,0.001576428235976774,0.004264688491821289,0.0012475523166565064,0.7,1.0,0.01,150,4,4,0.025,0.25,0.6,"{'subsample': 0.7, 'reg_lambda': 1, 'reg_alpha': 0.01, 'n_estimators': 150, 'min_child_weight': 4, 'max_depth': 4, 'learning_rate': 0.025, 'gamma': 0.25, 'colsample_bytree': 0.6}",0.8223684210526315,0.8026315789473685,0.8344370860927153,0.8145695364238411,0.8278145695364238,0.8203642384105961,0.011005407821478852,68,0.8710743801652893,0.8661157024793389,0.8514851485148515,0.8745874587458746,0.8547854785478548,0.8636096336906418,0.009026453549536217
0.022904396057128906,0.002977258186314826,0.003284788131713867,0.00021259743923709857,0.7,1.0,0.1,150,6,4,0.05,0.1,0.9,"{'subsample': 0.7, 'reg_lambda': 1, 'reg_alpha': 0.1, 'n_estimators': 150, 'min_child_weight': 6, 'max_depth': 4, 'learning_rate': 0.05, 'gamma': 0.1, 'colsample_bytree': 0.9}",0.8289473684210527,0.7894736842105263,0.8410596026490066,0.7947019867549668,0.847682119205298,0.8203729522481702,0.023920752295945428,62,0.8694214876033057,0.8628099173553719,0.8679867986798679,0.8663366336633663,0.8613861386138614,0.8655881951831548,0.0030457740156283547
0.017932319641113283,0.0012992569277717036,0.0038965225219726564,0.0004629543284092243,0.9,2.0,0.01,100,4,4,0.05,0.0,0.6,"{'subsample': 0.9, 'reg_lambda': 2, 'reg_alpha': 0.01, 'n_estimators': 100, 'min_child_weight': 4, 'max_depth': 4, 'learning_rate': 0.05, 'gamma': 0, 'colsample_bytree': 0.6}",0.8157894736842105,0.8092105263157895,0.8278145695364238,0.8211920529801324,0.8410596026490066,0.8230132450331127,0.010906313741786732,41,0.8809917355371901,0.8694214876033057,0.8696369636963697,0.8795379537953796,0.8679867986798679,0.8735149878624225,0.00555939863409158
0.02293996810913086,0.0012681579957038766,0.003664398193359375,0.00017413585097644704,0.7,1.5,0.1,150,5,4,0.075,0.5,0.9,"{'subsample': 0.7, 'reg_lambda': 1.5, 'reg_alpha': 0.1, 'n_estimators': 150, 'min_child_weight': 5, 'max_depth': 4, 'learning_rate': 0.075, 'gamma': 0.5, 'colsample_bytree': 0.9}",0.8355263157894737,0.7960526315789473,0.8344370860927153,0.8079470198675497,0.8675496688741722,0.8283025444405716,0.024837699210333023,8,0.8826446280991735,0.8859504132231405,0.8795379537953796,0.8745874587458746,0.8646864686468647,0.8774813845020866,0.007412120981253425
0.0190032958984375,0.001805274917023404,0.0037777900695800783,0.0007547865965872706,0.9,1.0,0.0,100,4,4,0.025,0.5,0.9,"{'subsample': 0.9, 'reg_lambda': 1, 'reg_alpha': 0, 'n_estimators': 100, 'min_child_weight': 4, 'max_depth': 4, 'learning_rate': 0.025, 'gamma': 0.5, 'colsample_bytree': 0.9}",0.8092105263157895,0.7960526315789473,0.8145695364238411,0.8211920529801324,0.8211920529801324,0.8124433600557686,0.009345662905423071,119,0.8727272727272727,0.8611570247933884,0.858085808580858,0.8663366336633663,0.863036303630363,0.8642686086790498,0.005005062874353978
0.02572808265686035,0.002291055944557782,0.003929853439331055,0.00026847672448394205,0.8,1.0,0.01,150,5,4,0.075,0.1,0.7,"{'subsample': 0.8, 'reg_lambda': 1, 'reg_alpha': 0.01, 'n_estimators': 150, 'min_child_weight': 5, 'max_depth': 4, 'learning_rate': 0.075, 'gamma': 0.1, 'colsample_bytree': 0.7}",0.8355263157894737,0.8092105263157895,0.8344370860927153,0.8145695364238411,0.847682119205298,0.8282851167654235,0.01427222854700703,10,0.8942148760330578,0.8925619834710744,0.8894389438943895,0.8844884488448845,0.8795379537953796,0.8880484412077572,0.005393188696103859
0.022284507751464844,0.0014262295613909743,0.003514719009399414,0.00046143025492746144,0.9,1.0,0.0,150,6,4,0.075,0.25,0.9,"{'subsample': 0.9, 'reg_lambda': 1, 'reg_alpha': 0, 'n_estimators': 150, 'min_child_weight': 6, 'max_depth': 4, 'learning_rate': 0.075, 'gamma': 0.25, 'colsample_bytree': 0.9}",0.8355263157894737,0.8026315789473685,0.8278145695364238,0.8145695364238411,0.8609271523178808,0.8282938306029977,0.019821098002090913,9,0.8925619834710744,0.8842975206611571,0.8894389438943895,0.8861386138613861,0.8811881188118812,0.8867250361399777,0.003958015296392144
0.019940280914306642,0.002417234569450216,0.0037830829620361327,0.0005975060444455617,0.7,2.0,0.1,125,5,4,0.075,0.5,0.6,"{'subsample': 0.7, 'reg_lambda': 2, 'reg_alpha': 0.1, 'n_estimators': 125, 'min_child_weight': 5, 'max_depth': 4, 'learning_rate': 0.075, 'gamma': 0.5, 'colsample_bytree': 0.6}",0.8223684210526315,0.7960526315789473,0.847682119205298,0.8079470198675497,0.8344370860927153,0.8216974555594284,0.018355830704781795,53,0.8710743801652893,0.8743801652892562,0.8663366336633663,0.8712871287128713,0.8646864686468647,0.8695529552955297,0.0035398153777401126
0.02272930145263672,0.0018679556330652566,0.0032401084899902344,0.00025719687531017033,0.8,1.5,0.0,150,5,4,0.05,0.25,0.9,"{'subsample': 0.8, 'reg_lambda': 1.5, 'reg_alpha': 0, 'n_estimators': 150, 'min_child_weight': 5, 'max_depth': 4, 'learning_rate': 0.05, 'gamma': 0.25, 'colsample_bytree': 0.9}",0.8355263157894737,0.8026315789473685,0.847682119205298,0.8145695364238411,0.847682119205298,0.8296183339142559,0.018123223650719417,3,0.8842975206611571,0.8809917355371901,0.8811881188118812,0.8762376237623762,0.863036303630363,0.8771502604805935,0.007512406303605794
0.019983720779418946,0.0011271454253264244,0.003354454040527344,0.00023199961022353515,0.9,1.0,0.0,125,6,4,0.025,0.1,0.9,"{'subsample': 0.9, 'reg_lambda': 1, 'reg_alpha': 0, 'n_estimators': 125, 'min_child_weight': 6, 'max_depth': 4, 'learning_rate': 0.025, 'gamma': 0.1, 'colsample_bytree': 0.9}",0.8223684210526315,0.7960526315789473,0.8278145695364238,0.8079470198675497,0.8278145695364238,0.8163994423143952,0.012503400485402284,104,0.8677685950413223,0.8644628099173554,0.8564356435643564,0.8613861386138614,0.8547854785478548,0.8609677331369501,0.00484566724372982
0.019490861892700197,0.0027294181952676726,0.0032369136810302735,0.00012813179641086182,0.6,2.0,0.0,125,4,4,0.05,0.0,0.6,"{'subsample': 0.6, 'reg_lambda': 2, 'reg_alpha': 0, 'n_estimators': 125, 'min_child_weight': 4, 'max_depth': 4, 'learning_rate': 0.05, 'gamma': 0, 'colsample_bytree': 0.6}",0.8223684210526315,0.7960526315789473,0.8410596026490066,0.8013245033112583,0.8344370860927153,0.8190484489369118,0.017749755607340503,77,0.8644628099173554,0.8677685950413223,0.8564356435643564,0.8679867986798679,0.858085808580858,0.8629479311567521,0.004836816504518803
0.019240808486938477,0.0026465149062928086,0.004008007049560547,0.0014405095343588649,0.7,1.0,0.1,125,6,3,0.05,0.0,0.9,"{'subsample': 0.7, 'reg_lambda': 1, 'reg_alpha': 0.1, 'n_estimators': 125, 'min_child_weight': 6, 'max_depth': 3, 'learning_rate': 0.05, 'gamma': 0, 'colsample_bytree': 0.9}",0.8223684210526315,0.7960526315789473,0.8344370860927153,0.8013245033112583,0.8344370860927153,0.8177239456256535,0.016240793338192682,93,0.859504132231405,0.8628099173553719,0.8597359735973598,0.8597359735973598,0.8547854785478548,0.8593142950658702,0.0025737605934494806
0.015773677825927736,0.0016755762841240984,0.003471183776855469,0.0003086440033516523,0.9,2.0,0.1,100,5,3,0.075,0.5,0.8,"{'subsample': 0.9, 'reg_lambda': 2, 'reg_alpha': 0.1, 'n_estimators': 100, 'min_child_weight': 5, 'max_depth': 3, 'learning_rate': 0.075, 'gamma': 0.5, 'colsample_bytree': 0.8}",0.8355263157894737,0.8092105263157895,0.8344370860927153,0.8013245033112583,0.8410596026490066,0.8243116068316485,0.015907482215466125,40,0.8710743801652893,0.8694214876033057,0.8762376237623762,0.8729372937293729,0.8613861386138614,0.8702113847748411,0.004959834762382854
0.02464637756347656,0.003816819207584562,0.003392934799194336,0.00023560716515908455,0.6,1.0,0.01,150,6,3,0.05,0.0,0.9,"{'subsample': 0.6, 'reg_lambda': 1, 'reg_alpha': 0.01, 'n_estimators': 150, 'min_child_weight': 6, 'max_depth': 3, 'learning_rate': 0.05, 'gamma': 0, 'colsample_bytree': 0.9}",0.8355263157894737,0.7894736842105263,0.847682119205298,0.8013245033112583,0.8543046357615894,0.8256622516556291,0.025707971151444867,20,0.8628099173553719,0.8661157024793389,0.8547854785478548,0.8597359735973598,0.8481848184818482,0.8583263780923547,0.006295265826541558
0.027361631393432617,0.01779771379815096,0.0035363197326660155,0.000223590494290028,0.9,1.0,0.1,100,6,4,0.075,0.5,0.8,"{'subsample': 0.9, 'reg_lambda': 1, 'reg_alpha': 0.1, 'n_estimators': 100, 'min_child_weight': 6, 'max_depth': 4, 'learning_rate': 0.075, 'gamma': 0.5, 'colsample_bytree': 0.8}",0.8355263157894737,0.8092105263157895,0.8543046357615894,0.8079470198675497,0.8410596026490066,0.8296096200766818,0.018228244363232084,5,0.8793388429752066,0.8743801652892562,0.8762376237623762,0.8778877887788779,0.8712871287128713,0.8758263099037176,0.0028089949430580748
0.017228460311889647,0.001834874097367974,0.003168964385986328,0.00015324203524967438,0.6,1.0,0.0,100,4,4,0.05,0.0,0.9,"{'subsample': 0.6, 'reg_lambda': 1, 'reg_alpha': 0, 'n_estimators': 100, 'min_child_weight': 4, 'max_depth': 4, 'learning_rate': 0.05, 'gamma': 0, 'colsample_bytree': 0.9}",0.8355263157894737,0.7894736842105263,0.8410596026490066,0.7880794701986755,0.8675496688741722,0.8243377483443709,0.030991096239895665,31,0.8694214876033057,0.8694214876033057,0.863036303630363,0.8646864686468647,0.8564356435643564,0.864600278209639,0.004808384847372349
0.020233964920043944,0.002209761280506011,0.003258514404296875,0.00022333488767956264,0.7,2.0,0.1,150,4,3,0.05,0.0,0.7,"{'subsample': 0.7, 'reg_lambda': 2, 'reg_alpha': 0.1, 'n_estimators': 150, 'min_child_weight': 4, 'max_depth': 3, 'learning_rate': 0.05, 'gamma': 0, 'colsample_bytree': 0.7}",0.8355263157894737,0.7894736842105263,0.8344370860927153,0.8013245033112583,0.8278145695364238,0.8177152317880795,0.01878878781199786,95,0.8694214876033057,0.8661157024793389,0.8646864686468647,0.8696369636963697,0.8564356435643564,0.8652592531980471,0.004804294306819675
0.04441633224487305,0.01879258269040254,0.0049556255340576175,0.0019879063450829173,0.8,1.5,0.01,150,4,4,0.075,0.0,0.8,"{'subsample': 0.8, 'reg_lambda': 1.5, 'reg_alpha': 0.01, 'n_estimators': 150, 'min_child_weight': 4, 'max_depth': 4, 'learning_rate': 0.075, 'gamma': 0, 'colsample_bytree': 0.8}",0.8223684210526315,0.7960526315789473,0.8278145695364238,0.8211920529801324,0.8609271523178808,0.8256709654932031,0.020764425870458014,19,0.8958677685950414,0.8925619834710744,0.8927392739273927,0.8943894389438944,0.8795379537953796,0.8910192837465566,0.0058655771666584365
0.032249832153320314,0.01176541330034587,0.0035964012145996093,0.0007329308304856536,0.6,1.5,0.01,150,5,3,0.075,0.0,0.7,"{'subsample': 0.6, 'reg_lambda': 1.5, 'reg_alpha': 0.01, 'n_estimators': 150, 'min_child_weight': 5, 'max_depth': 3, 'learning_rate': 0.075, 'gamma': 0, 'colsample_bytree': 0.7}",0.8355263157894737,0.8026315789473685,0.8410596026490066,0.8079470198675497,0.8344370860927153,0.8243203206692227,0.01578995457300082,37,0.8611570247933884,0.8644628099173554,0.8597359735973598,0.8729372937293729,0.8597359735973598,0.8636058151269672,0.00497511515453232
0.03579797744750977,0.012168632049547481,0.005132055282592774,0.0012050918115694004,0.9,1.5,0.1,150,5,4,0.075,0.25,0.8,"{'subsample': 0.9, 'reg_lambda': 1.5, 'reg_alpha': 0.1, 'n_estimators': 150, 'min_child_weight': 5, 'max_depth': 4, 'learning_rate': 0.075, 'gamma': 0.25, 'colsample_bytree': 0.8}",0.8355263157894737,0.7960526315789473,0.8278145695364238,0.8145695364238411,0.8543046357615894,0.825653537818055,0.019606610892319496,22,0.8925619834710744,0.8892561983471075,0.8927392739273927,0.8910891089108911,0.8811881188118812,0.8893669366936694,0.004276732032718227
0.028122568130493165,0.008471736312796864,0.003636741638183594,0.0005178084588792776,0.7,1.5,0.01,150,5,4,0.025,0.25,0.7,"{'subsample': 0.7, 'reg_lambda': 1.5, 'reg_alpha': 0.01, 'n_estimators': 150, 'min_child_weight': 5, 'max_depth': 4, 'learning_rate': 0.025, 'gamma': 0.25, 'colsample_bytree': 0.7}",0.8223684210526315,0.7960526315789473,0.8344370860927153,0.7947019867549668,0.8543046357615894,0.8203729522481702,0.022819366202455182,62,0.859504132231405,0.8628099173553719,0.8514851485148515,0.8564356435643564,0.8514851485148515,0.8563439980361671,0.004450163974929319
0.024103164672851562,0.010756427165169766,0.0035601139068603517,0.00038974136870427716,0.6,1.0,0.01,125,5,4,0.075,0.5,0.9,"{'subsample': 0.6, 'reg_lambda': 1, 'reg_alpha': 0.01, 'n_estimators': 125, 'min_child_weight': 5, 'max_depth': 4, 'learning_rate': 0.075, 'gamma': 0.5, 'colsample_bytree': 0.9}",0.8223684210526315,0.8026315789473685,0.847682119205298,0.8013245033112583,0.8675496688741722,0.8283112582781456,0.025837690715792564,7,0.8776859504132232,0.8842975206611571,0.8646864686468647,0.8696369636963697,0.8663366336633663,0.8725287074161961,0.00739333197607137
0.033535432815551755,0.007653005429226249,0.003728961944580078,0.0005781088555935069,0.9,1.0,0.0,150,5,4,0.075,0.25,0.8,"{'subsample': 0.9, 'reg_lambda': 1, 'reg_alpha': 0, 'n_estimators': 150, 'min_child_weight': 5, 'max_depth': 4, 'learning_rate': 0.075, 'gamma': 0.25, 'colsample_bytree': 0.8}",0.8355263157894737,0.7960526315789473,0.8145695364238411,0.8079470198675497,0.8609271523178808,0.8230045311955386,0.022887564131377155,45,0.8925619834710744,0.8909090909090909,0.8927392739273927,0.8910891089108911,0.8745874587458746,0.8883773831928646,0.00693486823021539
0.018885231018066405,0.0013265045700450297,0.0037302017211914063,0.001066906860696189,0.9,1.5,0.1,125,5,4,0.025,0.5,0.6,"{'subsample': 0.9, 'reg_lambda': 1.5, 'reg_alpha': 0.1, 'n_estimators': 125, 'min_child_weight': 5, 'max_depth': 4, 'learning_rate': 0.025, 'gamma': 0.5, 'colsample_bytree': 0.6}",0.8223684210526315,0.7894736842105263,0.8278145695364238,0.8211920529801324,0.8344370860927153,0.8190571627744859,0.01551733615017514,75,0.8661157024793389,0.8628099173553719,0.863036303630363,0.863036303630363,0.8531353135313532,0.8616267081253579,0.004418795209525264
0.020453405380249024,0.006262207023988225,0.0038482189178466798,0.0011753188406388635,0.9,1.0,0.0,125,5,3,0.05,0.0,0.7,"{'subsample': 0.9, 'reg_lambda': 1, 'reg_alpha': 0, 'n_estimators': 125, 'min_child_weight': 5, 'max_depth': 3, 'learning_rate': 0.05, 'gamma': 0, 'colsample_bytree': 0.7}",0.8157894736842105,0.7960526315789473,0.8344370860927153,0.8079470198675497,0.8278145695364238,0.8164081561519694,0.013722022860844719,101,0.8710743801652893,0.8710743801652893,0.8663366336633663,0.8745874587458746,0.8646864686468647,0.8695518642773369,0.003577795507061126
0.026186275482177734,0.003946151035562042,0.00444941520690918,0.0009606283257230226,0.6,1.0,0.01,100,5,4,0.075,0.0,0.9,"{'subsample': 0.6, 'reg_lambda': 1, 'reg_alpha': 0.01, 'n_estimators': 100, 'min_child_weight': 5, 'max_depth': 4, 'learning_rate': 0.075, 'gamma': 0, 'colsample_bytree': 0.9}",0.8289473684210527,0.8026315789473685,0.8410596026490066,0.7947019867549668,0.8410596026490066,0.8216800278842802,0.01946590960976503,57,0.8710743801652893,0.8760330578512396,0.8663366336633663,0.863036303630363,0.8613861386138614,0.8675733027848238,0.005370655656989024
0.021866226196289064,0.0012578718274844766,0.0034437656402587892,0.0002602737082173035,0.6,2.0,0.0,150,4,3,0.075,0.5,0.6,"{'subsample': 0.6, 'reg_lambda': 2, 'reg_alpha': 0, 'n_estimators': 150, 'min_child_weight': 4, 'max_depth': 3, 'learning_rate': 0.075, 'gamma': 0.5, 'colsample_bytree': 0.6}",0.8355263157894737,0.7894736842105263,0.8344370860927153,0.8211920529801324,0.8410596026490066,0.8243377483443709,0.018612895761098695,31,0.8661157024793389,0.8661157024793389,0.863036303630363,0.8745874587458746,0.858085808580858,0.8655881951831546,0.005372917788201934
